Channel_Cells,Count_IdentifyPrimaryObjects,ExecutionTime_01Images,ExecutionTime_02Metadata,ExecutionTime_03NamesAndTypes,ExecutionTime_04Groups,ExecutionTime_05EnhanceOrSuppressFeatures,ExecutionTime_06RescaleIntensity,ExecutionTime_07IdentifyPrimaryObjects,ExecutionTime_08OverlayOutlines,ExecutionTime_09MeasureObjectIntensity,FileName_Cells,Frame_Cells,Group_Index,Group_Length,Group_Number,Height_Cells,ImageNumber,ImageSet_ImageSet,MD5Digest_Cells,Metadata_ChannelNumber,Metadata_FileLocation,Metadata_Frame,Metadata_Plate,Metadata_Series,Metadata_Site,Metadata_Well,ModuleError_01Images,ModuleError_02Metadata,ModuleError_03NamesAndTypes,ModuleError_04Groups,ModuleError_05EnhanceOrSuppressFeatures,ModuleError_06RescaleIntensity,ModuleError_07IdentifyPrimaryObjects,ModuleError_08OverlayOutlines,ModuleError_09MeasureObjectIntensity,PathName_Cells,ProcessingStatus,Scaling_Cells,Series_Cells,Threshold_FinalThreshold_IdentifyPrimaryObjects,Threshold_OrigThreshold_IdentifyPrimaryObjects,Threshold_SumOfEntropies_IdentifyPrimaryObjects,Threshold_WeightedVariance_IdentifyPrimaryObjects,URL_Cells,Width_Cells
-1,56.0,0.0,0.0,0.125,0.0,0.125,0.125,0.890625,0.046875,0.171875,IXMtest_A01_s1_w164FBEEF7-F77C-4892-86F5-72D0160D4FB2.tif,0,1,50,1,520,1,b'eLtb0OIrsxlN3gOfvA0h6dsMmKxdXUGp3NzcGRhRlka6FmZuprrmRi7AkDRwAUob6ZVkpoFTOMzHwKAE+QSUBZxR8gKIAc8PkMAEMsAxAcocvq52AOeqnw4=',e3aedd034c4f68fcdf35fdab8cffb680,1,file:///C:/Users/PC/Desktop/%C5%A0kola/Letny%20semester/ssbu/semestralka/cellprofiler/input_images/IXMtest_A01_s1_w164FBEEF7-F77C-4892-86F5-72D0160D4FB2.tif,0,IXMtest,0,1,A01,0,0,0,0,0,0,0,0,0,C:\Users\PC\Desktop\Škola\Letny semester\ssbu\semestralka\cellprofiler\input_images,Done,65535,0,0.004749703221023083,0.004749703,-13.176244978514035,0.04438361504976082,file:///C:/Users/PC/Desktop/%C5%A0kola/Letny%20semester/ssbu/semestralka/cellprofiler/input_images/IXMtest_A01_s1_w164FBEEF7-F77C-4892-86F5-72D0160D4FB2.tif,696
-1,88.0,0.0,0.0,0.109375,0.0,0.078125,0.125,0.765625,0.03125,0.1875,IXMtest_A01_s2_w1AA6B1894-F561-42EE-9D1D-E21E5C741B75.tif,0,2,50,1,520,2,b'eLtb0OIrsxlN3gOfvA3ji41AKdXRzMnQwtJE183UzFDXxMjVVdfSxdBF19XI0NXU2dzE0MncVK8kMw2cwmE+BgYlyCegLOCMkhdADHh+gAQmkAGOCVDm8HW1AwDe9J78',d9346b66faa3a34936a8a78cec998271,1,file:///C:/Users/PC/Desktop/%C5%A0kola/Letny%20semester/ssbu/semestralka/cellprofiler/input_images/IXMtest_A01_s2_w1AA6B1894-F561-42EE-9D1D-E21E5C741B75.tif,0,IXMtest,0,2,A01,0,0,0,0,0,0,0,0,0,C:\Users\PC\Desktop\Škola\Letny semester\ssbu\semestralka\cellprofiler\input_images,Done,65535,0,0.004847138654440641,0.0048471387,-13.221806005916942,0.0638690103234202,file:///C:/Users/PC/Desktop/%C5%A0kola/Letny%20semester/ssbu/semestralka/cellprofiler/input_images/IXMtest_A01_s2_w1AA6B1894-F561-42EE-9D1D-E21E5C741B75.tif,696
-1,73.0,0.0,0.0,0.125,0.0,0.09375,0.09375,0.703125,0.03125,0.171875,IXMtest_A01_s3_w108F3A6FF-A865-40A1-8488-9A5BA31605A9.tif,0,3,50,1,520,3,b'eLtb0OIrsxlN3gOfvA3ji42BKdXAws3Y0czNTdfRwsxU18TA0VDXwsTCQtfS0dTJ0djQzMDU0VKvJDMNnMJhPgYGJcgnoCzgjJIXQAx4foAEJpABjglQ5vB1tQMA1Sqe3w==',5d5d621f2b4c747db48bdbda731a8883,1,file:///C:/Users/PC/Desktop/%C5%A0kola/Letny%20semester/ssbu/semestralka/cellprofiler/input_images/IXMtest_A01_s3_w108F3A6FF-A865-40A1-8488-9A5BA31605A9.tif,0,IXMtest,0,3,A01,0,0,0,0,0,0,0,0,0,C:\Users\PC\Desktop\Škola\Letny semester\ssbu\semestralka\cellprofiler\input_images,Done,65535,0,0.004755983594805002,0.0047559836,-13.262504821351378,0.060353172610718285,file:///C:/Users/PC/Desktop/%C5%A0kola/Letny%20semester/ssbu/semestralka/cellprofiler/input_images/IXMtest_A01_s3_w108F3A6FF-A865-40A1-8488-9A5BA31605A9.tif,696
-1,59.0,0.0,0.0,0.125,0.0,0.09375,0.109375,0.765625,0.046875,0.15625,IXMtest_A01_s4_w189967984-D8CB-4449-9CE5-EE2E5F1B8ED4.tif,0,4,50,1,520,4,b'eLtb0OIrsxlN3gOfvA0hKdXC0tLM3NLCRNfFwtlJ18TExFLX0tnVVNfV1cjV1M3QycLVxUSvJDMNnMJhPgYGJcgnoCzgjJIXQAx4foAEJpABjglQ5vB1tQMA68ifJw==',6d44c8b1ed58717b342f797d8b1e7058,1,file:///C:/Users/PC/Desktop/%C5%A0kola/Letny%20semester/ssbu/semestralka/cellprofiler/input_images/IXMtest_A01_s4_w189967984-D8CB-4449-9CE5-EE2E5F1B8ED4.tif,0,IXMtest,0,4,A01,0,0,0,0,0,0,0,0,0,C:\Users\PC\Desktop\Škola\Letny semester\ssbu\semestralka\cellprofiler\input_images,Done,65535,0,0.00449598440900445,0.0044959844,-13.266121987180362,0.05520556050625108,file:///C:/Users/PC/Desktop/%C5%A0kola/Letny%20semester/ssbu/semestralka/cellprofiler/input_images/IXMtest_A01_s4_w189967984-D8CB-4449-9CE5-EE2E5F1B8ED4.tif,696
-1,66.0,0.0,0.0,0.125,0.0,0.140625,0.09375,0.875,0.0625,0.1875,IXMtest_A01_s5_w1DCC72C3D-6ABF-4D49-897E-5F35679A166D.tif,0,5,50,1,520,5,b'eLtb0OIrsxlN3gOfvA3ji02BKdXF2dncyNnYRdfM0clN18TFxBKYTs1ddU3djE3NzC0dDc3MXPRKMtPAKRzmY2BQgnwCygLOKHkBxIDnB0hgAhngmABlDl9XOwDwSZ8l',187923f3df2113cf8b9a15cbab4a32bb,1,file:///C:/Users/PC/Desktop/%C5%A0kola/Letny%20semester/ssbu/semestralka/cellprofiler/input_images/IXMtest_A01_s5_w1DCC72C3D-6ABF-4D49-897E-5F35679A166D.tif,0,IXMtest,0,5,A01,0,0,0,0,0,0,0,0,0,C:\Users\PC\Desktop\Škola\Letny semester\ssbu\semestralka\cellprofiler\input_images,Done,65535,0,0.004422047641128302,0.0044220476,-13.354210913627448,0.05954367579620745,file:///C:/Users/PC/Desktop/%C5%A0kola/Letny%20semester/ssbu/semestralka/cellprofiler/input_images/IXMtest_A01_s5_w1DCC72C3D-6ABF-4D49-897E-5F35679A166D.tif,696
-1,93.0,0.0,0.0,0.109375,0.0,0.09375,0.109375,0.703125,0.03125,0.1875,IXMtest_A01_s6_w11258626E-836F-4028-A3CB-50B83C60EAFF.tif,0,6,50,1,520,6,b'eLtb0OIrsxlN3gOfvA3ji82AKdXQyNTCzMjMVdfC2MxN18TAyELX0djZSdfUAJhmnc0MXB3d3PRKMtPAKRzmY2BQgnwCygLOKHkBxIDnB0hgAhngmABlDl9XOwDUEJ7r',3e4fd69fddb30dee52cebc5d037386e2,1,file:///C:/Users/PC/Desktop/%C5%A0kola/Letny%20semester/ssbu/semestralka/cellprofiler/input_images/IXMtest_A01_s6_w11258626E-836F-4028-A3CB-50B83C60EAFF.tif,0,IXMtest,0,6,A01,0,0,0,0,0,0,0,0,0,C:\Users\PC\Desktop\Škola\Letny semester\ssbu\semestralka\cellprofiler\input_images,Done,65535,0,0.004876382183283567,0.004876382,-13.184596066927323,0.07839355421245138,file:///C:/Users/PC/Desktop/%C5%A0kola/Letny%20semester/ssbu/semestralka/cellprofiler/input_images/IXMtest_A01_s6_w11258626E-836F-4028-A3CB-50B83C60EAFF.tif,696
-1,55.0,0.0,0.0,0.09375,0.0,0.109375,0.140625,0.6875,0.046875,0.15625,IXMtest_A01_s7_w179C24BDB-EF90-4FE8-BA34-932EA0272FCE.tif,0,7,50,1,520,7,b'eLtb0OIrsxlN3gOfvA3ji82BKdXc0tnIxMnFSdfVzdJA18TN1QIYUcYmupbGRq6OwMRr5ObsqleSmQZO4TAfA4MS5BNQFnBGyQsgBjw/QAITyADHBChz+LraAQDyx58x',b1b6001dae7a4392cd7999944e6c151c,1,file:///C:/Users/PC/Desktop/%C5%A0kola/Letny%20semester/ssbu/semestralka/cellprofiler/input_images/IXMtest_A01_s7_w179C24BDB-EF90-4FE8-BA34-932EA0272FCE.tif,0,IXMtest,0,7,A01,0,0,0,0,0,0,0,0,0,C:\Users\PC\Desktop\Škola\Letny semester\ssbu\semestralka\cellprofiler\input_images,Done,65535,0,0.004535950720310211,0.0045359507,-13.297891946323944,0.05990828862568161,file:///C:/Users/PC/Desktop/%C5%A0kola/Letny%20semester/ssbu/semestralka/cellprofiler/input_images/IXMtest_A01_s7_w179C24BDB-EF90-4FE8-BA34-932EA0272FCE.tif,696
-1,21.0,0.0,0.0,0.125,0.0,0.109375,0.125,0.703125,0.03125,0.140625,IXMtest_A01_s8_w1032E967C-5DCF-45C9-A460-2F9FF2234C24.tif,0,8,50,1,520,8,b'eLtb0OIrsxlN3gOfvA3jiy2AKdXA2MjV0szcWdfUxdlN18TU2VLXEZhudY3cLN3cjIyMTZyNTPRKMtPAKRzmY2BQgnwCygLOKHkBxIDnB0hgAhngmABlDl9XOwDcv571',74e5619d64380195e8f72190384b80bc,1,file:///C:/Users/PC/Desktop/%C5%A0kola/Letny%20semester/ssbu/semestralka/cellprofiler/input_images/IXMtest_A01_s8_w1032E967C-5DCF-45C9-A460-2F9FF2234C24.tif,0,IXMtest,0,8,A01,0,0,0,0,0,0,0,0,0,C:\Users\PC\Desktop\Škola\Letny semester\ssbu\semestralka\cellprofiler\input_images,Done,65535,0,0.00422222726047039,0.0042222273,-13.255328589630988,0.024257986268236435,file:///C:/Users/PC/Desktop/%C5%A0kola/Letny%20semester/ssbu/semestralka/cellprofiler/input_images/IXMtest_A01_s8_w1032E967C-5DCF-45C9-A460-2F9FF2234C24.tif,696
-1,53.0,0.0,0.0,0.09375,0.0,0.109375,0.109375,0.703125,0.03125,0.125,IXMtest_A01_s9_w144EC6EFC-4CAE-411A-B641-EDA50D0E1550.tif,0,9,50,1,520,9,b'eLtb0OIrsxlN3gOfvA3jiy2BKdXExNXZzNXNWdfE2dFV18TQ0FHXyczEUNfVxdEUmHpdDU1NDfRKMtPAKRzmY2BQgnwCygLOKHkBxIDnB0hgAhngmABlDl9XOwDsYJ8Y',04423d89d7d89497bf15e4df041ccb03,1,file:///C:/Users/PC/Desktop/%C5%A0kola/Letny%20semester/ssbu/semestralka/cellprofiler/input_images/IXMtest_A01_s9_w144EC6EFC-4CAE-411A-B641-EDA50D0E1550.tif,0,IXMtest,0,9,A01,0,0,0,0,0,0,0,0,0,C:\Users\PC\Desktop\Škola\Letny semester\ssbu\semestralka\cellprofiler\input_images,Done,65535,0,0.0045998902060091496,0.00459989,-13.23003540922627,0.05078356197280076,file:///C:/Users/PC/Desktop/%C5%A0kola/Letny%20semester/ssbu/semestralka/cellprofiler/input_images/IXMtest_A01_s9_w144EC6EFC-4CAE-411A-B641-EDA50D0E1550.tif,696
-1,98.0,0.0,0.0,0.09375,0.0,0.140625,0.109375,0.796875,0.046875,0.1875,IXMtest_A02_s1_w17C9F8BDB-79F0-4F8B-852B-71161631F236.tif,0,10,50,1,520,10,b'eLtb0OIrsxlN3gOfvI0g6dvc2dLNwsnFSdfc0s1A1wTI1rUwNQJyDQ3NDM2MDd2MjM30SjLTwCkc5mNgUIJ8AsoCzih5AcSA5wdIYAIZ4JgAZQ5fVzsA26qe6A==',516ae027b45515205bbe9c4b32da02d5,1,file:///C:/Users/PC/Desktop/%C5%A0kola/Letny%20semester/ssbu/semestralka/cellprofiler/input_images/IXMtest_A02_s1_w17C9F8BDB-79F0-4F8B-852B-71161631F236.tif,0,IXMtest,0,1,A02,0,0,0,0,0,0,0,0,0,C:\Users\PC\Desktop\Škola\Letny semester\ssbu\semestralka\cellprofiler\input_images,Done,65535,0,0.0054608676582574844,0.0054608677,-13.055159037438226,0.06333771849832984,file:///C:/Users/PC/Desktop/%C5%A0kola/Letny%20semester/ssbu/semestralka/cellprofiler/input_images/IXMtest_A02_s1_w17C9F8BDB-79F0-4F8B-852B-71161631F236.tif,696
-1,46.0,0.0,0.0,0.109375,0.0,0.078125,0.109375,0.671875,0.0625,0.171875,IXMtest_A02_s2_w1D18DF60D-A77E-4A79-B823-CA9754A95240.tif,0,11,50,1,520,11,b'eLtb0OIrsxlN3gOfvI3ii42AKdXF0MLFDZhOdR3NzV11TRzNLXWdLIyMdZ0dgUnSxNHS1MjEQK8kMw2cwmE+BgYlyCegLOCMkhdADHh+gAQmkAGOCVDm8HW1AwDe8J71',1a7b60347f5eb50eb700772c2c6105c9,1,file:///C:/Users/PC/Desktop/%C5%A0kola/Letny%20semester/ssbu/semestralka/cellprofiler/input_images/IXMtest_A02_s2_w1D18DF60D-A77E-4A79-B823-CA9754A95240.tif,0,IXMtest,0,2,A02,0,0,0,0,0,0,0,0,0,C:\Users\PC\Desktop\Škola\Letny semester\ssbu\semestralka\cellprofiler\input_images,Done,65535,0,0.004632525146007538,0.004632525,-13.156923566194052,0.03950245286656912,file:///C:/Users/PC/Desktop/%C5%A0kola/Letny%20semester/ssbu/semestralka/cellprofiler/input_images/IXMtest_A02_s2_w1D18DF60D-A77E-4A79-B823-CA9754A95240.tif,696
-1,59.0,0.0,0.0,0.09375,0.0,0.109375,0.09375,0.671875,0.03125,0.15625,IXMtest_A02_s3_w1F9B2A085-E37A-409A-80E6-3D264FD375F1.tif,0,12,50,1,520,12,b'eLtb0OIrsxlN3gOfvI3ii41B6dvSycjRwMJU19XY3FHXxMDSUdfCwNVM19jFyMzEzcXY3NTNUK8kMw2cwmE+BgYlyCegLOCMkhdADHh+gAQmkAGOCVDm8HW1AwDar57w',04fc9387a8c00dadc3b7f269286a9fdd,1,file:///C:/Users/PC/Desktop/%C5%A0kola/Letny%20semester/ssbu/semestralka/cellprofiler/input_images/IXMtest_A02_s3_w1F9B2A085-E37A-409A-80E6-3D264FD375F1.tif,0,IXMtest,0,3,A02,0,0,0,0,0,0,0,0,0,C:\Users\PC\Desktop\Škola\Letny semester\ssbu\semestralka\cellprofiler\input_images,Done,65535,0,0.004597603343427181,0.0045976033,-13.204715392443845,0.043289809031131006,file:///C:/Users/PC/Desktop/%C5%A0kola/Letny%20semester/ssbu/semestralka/cellprofiler/input_images/IXMtest_A02_s3_w1F9B2A085-E37A-409A-80E6-3D264FD375F1.tif,696
-1,105.0,0.0,0.0,0.109375,0.0,0.078125,0.09375,0.734375,0.0625,0.1875,IXMtest_A02_s4_w1A422B830-5958-460D-BA96-20247897BBE6.tif,0,13,50,1,520,13,b'eLtb0OIrsxlN3gOfvI1gKdXICJg6DXRNYSkWGFGWZrpGBkYm5haW5k5OrmZ6JZlp4BQO8zEwKEE+AWUBZ5S8AGLA8wMkMIEMcEyAMoevqx0Ax7ieww==',77fb22ec60bb390b2622c2cc13e0c5fd,1,file:///C:/Users/PC/Desktop/%C5%A0kola/Letny%20semester/ssbu/semestralka/cellprofiler/input_images/IXMtest_A02_s4_w1A422B830-5958-460D-BA96-20247897BBE6.tif,0,IXMtest,0,4,A02,0,0,0,0,0,0,0,0,0,C:\Users\PC\Desktop\Škola\Letny semester\ssbu\semestralka\cellprofiler\input_images,Done,65535,0,0.005091219674795866,0.0050912197,-13.116761355917,0.08208995998172529,file:///C:/Users/PC/Desktop/%C5%A0kola/Letny%20semester/ssbu/semestralka/cellprofiler/input_images/IXMtest_A02_s4_w1A422B830-5958-460D-BA96-20247897BBE6.tif,696
-1,74.0,0.0,0.0,0.15625,0.0,0.125,0.09375,0.765625,0.046875,0.171875,IXMtest_A02_s5_w161A7766F-A786-4CEC-9678-C72AAE0AD42E.tif,0,14,50,1,520,14,b'eLtb0OIrsxlN3gOfvI3ii02BKdXM0NHc3MzMTdfR3MJM18TZ1VnX0szcQtfZ3MjR0dXA0cXEyFWvJDMNnMJhPgYGJcgnoCzgjJIXQAx4foAEJpABjglQ5vB1tQMA6GafGw==',568f2f7cddabc1755bb92182e36191c6,1,file:///C:/Users/PC/Desktop/%C5%A0kola/Letny%20semester/ssbu/semestralka/cellprofiler/input_images/IXMtest_A02_s5_w161A7766F-A786-4CEC-9678-C72AAE0AD42E.tif,0,IXMtest,0,5,A02,0,0,0,0,0,0,0,0,0,C:\Users\PC\Desktop\Škola\Letny semester\ssbu\semestralka\cellprofiler\input_images,Done,65535,0,0.004737543407827616,0.0047375434,-13.124873156447833,0.05650251039540993,file:///C:/Users/PC/Desktop/%C5%A0kola/Letny%20semester/ssbu/semestralka/cellprofiler/input_images/IXMtest_A02_s5_w161A7766F-A786-4CEC-9678-C72AAE0AD42E.tif,696
-1,53.0,0.0,0.0,0.171875,0.0,0.125,0.109375,0.6875,0.03125,0.171875,IXMtest_A02_s6_w16061A696-DDDB-4A44-89CF-5104B9F54A37.tif,0,15,50,1,520,15,b'eLtb0OIrsxlN3gOfvI3ii82AKdXMwMzQ0czSTNfFxcVJ18TRxASYTp3ddE0NDUycLN1MTRyNzfVKMtPAKRzmY2BQgnwCygLOKHkBxIDnB0hgAhngmABlDl9XOwDcAJ71',dcf43171823e8124348cc0c18d6c60af,1,file:///C:/Users/PC/Desktop/%C5%A0kola/Letny%20semester/ssbu/semestralka/cellprofiler/input_images/IXMtest_A02_s6_w16061A696-DDDB-4A44-89CF-5104B9F54A37.tif,0,IXMtest,0,6,A02,0,0,0,0,0,0,0,0,0,C:\Users\PC\Desktop\Škola\Letny semester\ssbu\semestralka\cellprofiler\input_images,Done,65535,0,0.004738683812320232,0.004738684,-13.100365528851508,0.04296589212352225,file:///C:/Users/PC/Desktop/%C5%A0kola/Letny%20semester/ssbu/semestralka/cellprofiler/input_images/IXMtest_A02_s6_w16061A696-DDDB-4A44-89CF-5104B9F54A37.tif,696
-1,66.0,0.0,0.0,0.171875,0.0,0.125,0.15625,0.75,0.046875,0.203125,IXMtest_A02_s7_w1A18819FA-22CA-4886-9FA7-94D2B3FFD09F.tif,0,16,50,1,520,16,b'eLtb0OIrsxlN3gOfvI3ii81BKdXQwsLQ0s1R18jI2REYURZmukCeua6liYuRk7Gbm4uBpZteSWYaOIXDfAwMSpBPQFnAGSUvgBjw/AAJTCADHBOgzOHragcA6pmfIg==',aaf0a274288a1bb228125f0ace91ed55,1,file:///C:/Users/PC/Desktop/%C5%A0kola/Letny%20semester/ssbu/semestralka/cellprofiler/input_images/IXMtest_A02_s7_w1A18819FA-22CA-4886-9FA7-94D2B3FFD09F.tif,0,IXMtest,0,7,A02,0,0,0,0,0,0,0,0,0,C:\Users\PC\Desktop\Škola\Letny semester\ssbu\semestralka\cellprofiler\input_images,Done,65535,0,0.004946059547364712,0.0049460595,-13.137421571450243,0.05687546342991438,file:///C:/Users/PC/Desktop/%C5%A0kola/Letny%20semester/ssbu/semestralka/cellprofiler/input_images/IXMtest_A02_s7_w1A18819FA-22CA-4886-9FA7-94D2B3FFD09F.tif,696
-1,21.0,0.0,0.0,0.125,0.0,0.15625,0.15625,1.0,0.0625,0.1875,IXMtest_A02_s8_w1D5E9BBA9-66BD-4DE6-A3F1-8E8BA835909B.tif,0,17,50,1,520,17,b'eLtb0OIrsxlN3gOfvI3iiy2AKdXF1NXSycnRUtfMzMlF18TF1UzX0djNUNfC1cLJ0cLY1NLA0kmvJDMNnMJhPgYGJcgnoCzgjJIXQAx4foAEJpABjglQ5vB1tQMA+r6fQQ==',945f69f136cacae584e884def3c2cd69,1,file:///C:/Users/PC/Desktop/%C5%A0kola/Letny%20semester/ssbu/semestralka/cellprofiler/input_images/IXMtest_A02_s8_w1D5E9BBA9-66BD-4DE6-A3F1-8E8BA835909B.tif,0,IXMtest,0,8,A02,0,0,0,0,0,0,0,0,0,C:\Users\PC\Desktop\Škola\Letny semester\ssbu\semestralka\cellprofiler\input_images,Done,65535,0,0.004290053620934486,0.0042900536,-13.195763060990977,0.019220479312394522,file:///C:/Users/PC/Desktop/%C5%A0kola/Letny%20semester/ssbu/semestralka/cellprofiler/input_images/IXMtest_A02_s8_w1D5E9BBA9-66BD-4DE6-A3F1-8E8BA835909B.tif,696
-1,25.0,0.0,0.0,0.25,0.0,0.125,0.109375,0.90625,0.078125,0.125,IXMtest_A02_s9_w1994C1B84-9FDC-496D-9984-E3C116069776.tif,0,18,50,1,520,18,b'eLtb0OIrsxlN3gOfvI3iiy2BKdXS0sTZ0MnCRNfSzcVZ18QSmCgtLYFcV2NnQ0MzAzNLc3MzvZLMNHAKh/kYGJQgn4CygDNKXgAx4PkBEphABjgmQJnD19UOANqinuo=',dfeaf1166d36f9cfc5eadd5e6645f8d2,1,file:///C:/Users/PC/Desktop/%C5%A0kola/Letny%20semester/ssbu/semestralka/cellprofiler/input_images/IXMtest_A02_s9_w1994C1B84-9FDC-496D-9984-E3C116069776.tif,0,IXMtest,0,9,A02,0,0,0,0,0,0,0,0,0,C:\Users\PC\Desktop\Škola\Letny semester\ssbu\semestralka\cellprofiler\input_images,Done,65535,0,0.004530885256826878,0.0045308853,-13.180212780173406,0.021782722193616006,file:///C:/Users/PC/Desktop/%C5%A0kola/Letny%20semester/ssbu/semestralka/cellprofiler/input_images/IXMtest_A02_s9_w1994C1B84-9FDC-496D-9984-E3C116069776.tif,696
-1,70.0,0.0,0.0,0.109375,0.0,0.078125,0.125,0.734375,0.046875,0.21875,IXMtest_A03_s1_w1073D64AC-9B57-43E1-A34E-1C7C986DEEFA.tif,0,19,50,1,520,19,b'eLtb0OIrsxlN3gOfvI0h6dvA3NjFzMTRWdfSydRc18TY1VDX0djEVdfQ2dzZ0sLMxdXVzVGvJDMNnMJhPgYGJcgnoCzgjJIXQAx4foAEJpABjglQ5vB1tQMA6EqfIQ==',1163b6d60dbe2a1c1c41f2d7dfe9adc9,1,file:///C:/Users/PC/Desktop/%C5%A0kola/Letny%20semester/ssbu/semestralka/cellprofiler/input_images/IXMtest_A03_s1_w1073D64AC-9B57-43E1-A34E-1C7C986DEEFA.tif,0,IXMtest,0,1,A03,0,0,0,0,0,0,0,0,0,C:\Users\PC\Desktop\Škola\Letny semester\ssbu\semestralka\cellprofiler\input_images,Done,65535,0,0.004904323257505894,0.0049043233,-13.13289588235764,0.05835127603773408,file:///C:/Users/PC/Desktop/%C5%A0kola/Letny%20semester/ssbu/semestralka/cellprofiler/input_images/IXMtest_A03_s1_w1073D64AC-9B57-43E1-A34E-1C7C986DEEFA.tif,696
-1,43.0,0.0,0.0,0.125,0.0,0.09375,0.125,0.734375,0.0625,0.15625,IXMtest_A03_s2_w1BDC8FBC3-3D12-4621-9BDB-F026F088DE31.tif,0,20,50,1,520,20,b'eLtb0OIrsxlN3gOfvI3ji42AKdXJxdnCzcnZWNfYxdAImGKNDHUtnVycdN0MjMzcDCwsXFyNDfVKMtPAKRzmY2BQgnwCygLOKHkBxIDnB0hgAhngmABlDl9XOwDpPJ8T',3e5bb72014ffd7345f2034b7ea707c30,1,file:///C:/Users/PC/Desktop/%C5%A0kola/Letny%20semester/ssbu/semestralka/cellprofiler/input_images/IXMtest_A03_s2_w1BDC8FBC3-3D12-4621-9BDB-F026F088DE31.tif,0,IXMtest,0,2,A03,0,0,0,0,0,0,0,0,0,C:\Users\PC\Desktop\Škola\Letny semester\ssbu\semestralka\cellprofiler\input_images,Done,65535,0,0.004784067161381245,0.004784067,-13.16885461506298,0.03775550481778093,file:///C:/Users/PC/Desktop/%C5%A0kola/Letny%20semester/ssbu/semestralka/cellprofiler/input_images/IXMtest_A03_s2_w1BDC8FBC3-3D12-4621-9BDB-F026F088DE31.tif,696
-1,63.0,0.0,0.0,0.109375,0.0,0.125,0.078125,0.6875,0.046875,0.15625,IXMtest_A03_s3_w154D8230E-F729-40B9-861A-A3BB70A52BD4.tif,0,21,50,1,520,21,b'eLtb0OIrsxlN3gOfvI3ji42BKdXUxMXCyNjAVdfN3MhS18TAyVLXwszQUdfR2MnJ3MDR1MjJxUSvJDMNnMJhPgYGJcgnoCzgjJIXQAx4foAEJpABjglQ5vB1tQMA1AOe4w==',abd249680afdeccdb7eab8966206a95f,1,file:///C:/Users/PC/Desktop/%C5%A0kola/Letny%20semester/ssbu/semestralka/cellprofiler/input_images/IXMtest_A03_s3_w154D8230E-F729-40B9-861A-A3BB70A52BD4.tif,0,IXMtest,0,3,A03,0,0,0,0,0,0,0,0,0,C:\Users\PC\Desktop\Škola\Letny semester\ssbu\semestralka\cellprofiler\input_images,Done,65535,0,0.004755329806357622,0.00475533,-13.141564723541556,0.043973373895993574,file:///C:/Users/PC/Desktop/%C5%A0kola/Letny%20semester/ssbu/semestralka/cellprofiler/input_images/IXMtest_A03_s3_w154D8230E-F729-40B9-861A-A3BB70A52BD4.tif,696
-1,38.0,0.0,0.0,0.125,0.0,0.109375,0.109375,0.6875,0.046875,0.125,IXMtest_A03_s4_w1152D504B-450A-4E59-81BD-751445C19555.tif,0,22,50,1,520,22,b'eLtb0OIrsxlN3gOfvI0hKdXQ1MjF1MDESdfE1MARmByBqdHC0MlF19zU0MTE1NnQ0tTUVK8kMw2cwmE+BgYlyCegLOCMkhdADHh+gAQmkAGOCVDm8HW1AwDAcZ6q',1a6904b8080c783d707ae0c2139d7c0b,1,file:///C:/Users/PC/Desktop/%C5%A0kola/Letny%20semester/ssbu/semestralka/cellprofiler/input_images/IXMtest_A03_s4_w1152D504B-450A-4E59-81BD-751445C19555.tif,0,IXMtest,0,4,A03,0,0,0,0,0,0,0,0,0,C:\Users\PC\Desktop\Škola\Letny semester\ssbu\semestralka\cellprofiler\input_images,Done,65535,0,0.004633791744709015,0.0046337917,-13.172052698151894,0.03532652136535511,file:///C:/Users/PC/Desktop/%C5%A0kola/Letny%20semester/ssbu/semestralka/cellprofiler/input_images/IXMtest_A03_s4_w1152D504B-450A-4E59-81BD-751445C19555.tif,696
-1,80.0,0.0,0.0,0.125,0.0,0.09375,0.109375,0.6875,0.046875,0.171875,IXMtest_A03_s5_w1F30CCC22-D301-4491-AE46-DAC9F106849F.tif,0,23,50,1,520,23,b'eLtb0OIrsxlN3gOfvI3ji01B6dvYwNnZ2chI18XYwFDXxMTSUNfR1cRM18XR2dLN0MDMwsTSTa8kMw2cwmE+BgYlyCegLOCMkhdADHh+gAQmkAGOCVDm8HW1AwDcf573',21dc1a2ba6fcd7739497b6fa1bd14075,1,file:///C:/Users/PC/Desktop/%C5%A0kola/Letny%20semester/ssbu/semestralka/cellprofiler/input_images/IXMtest_A03_s5_w1F30CCC22-D301-4491-AE46-DAC9F106849F.tif,0,IXMtest,0,5,A03,0,0,0,0,0,0,0,0,0,C:\Users\PC\Desktop\Škola\Letny semester\ssbu\semestralka\cellprofiler\input_images,Done,65535,0,0.004601418040692806,0.004601418,-13.155528135139082,0.05408214151823875,file:///C:/Users/PC/Desktop/%C5%A0kola/Letny%20semester/ssbu/semestralka/cellprofiler/input_images/IXMtest_A03_s5_w1F30CCC22-D301-4491-AE46-DAC9F106849F.tif,696
-1,53.0,0.0,0.0,0.125,0.0,0.109375,0.09375,0.6875,0.0625,0.15625,IXMtest_A03_s6_w1B674A891-80FF-4427-AD06-5C27E3CDD957.tif,0,24,50,1,520,24,b'eLtb0OIrsxlN3gOfvI3ji82AKdXJzNzE0cLSUNfCwM1N18TEyFzX0cXATNfU2cjc1djZxcXS1FyvJDMNnMJhPgYGJcgnoCzgjJIXQAx4foAEJpABjglQ5vB1tQMA3mWe/g==',244100b2abf02a44f04068a0c5cc12a5,1,file:///C:/Users/PC/Desktop/%C5%A0kola/Letny%20semester/ssbu/semestralka/cellprofiler/input_images/IXMtest_A03_s6_w1B674A891-80FF-4427-AD06-5C27E3CDD957.tif,0,IXMtest,0,6,A03,0,0,0,0,0,0,0,0,0,C:\Users\PC\Desktop\Škola\Letny semester\ssbu\semestralka\cellprofiler\input_images,Done,65535,0,0.004867251496762037,0.0048672515,-13.080369585448498,0.04657975272155078,file:///C:/Users/PC/Desktop/%C5%A0kola/Letny%20semester/ssbu/semestralka/cellprofiler/input_images/IXMtest_A03_s6_w1B674A891-80FF-4427-AD06-5C27E3CDD957.tif,696
-1,55.0,0.0,0.0,0.125,0.0,0.109375,0.09375,0.734375,0.046875,0.140625,IXMtest_A03_s7_w1FA45B183-9A17-4D89-B118-3B5591BDBDD8.tif,0,25,50,1,520,25,b'eLtb0OIrsxlN3gOfvI3ji81B6dvRxNTJ0MJY19LR0FzXxMXCUheUSnWNnUxNLQ2dXECJVa8kMw2cwmE+BgYlyCegLOCMkhdADHh+gAQmkAGOCVDm8HW1AwDhI58G',dfad9672abb924bd0d7abe1a3ed60246,1,file:///C:/Users/PC/Desktop/%C5%A0kola/Letny%20semester/ssbu/semestralka/cellprofiler/input_images/IXMtest_A03_s7_w1FA45B183-9A17-4D89-B118-3B5591BDBDD8.tif,0,IXMtest,0,7,A03,0,0,0,0,0,0,0,0,0,C:\Users\PC\Desktop\Škola\Letny semester\ssbu\semestralka\cellprofiler\input_images,Done,65535,0,0.004909899085760117,0.004909899,-13.167091565785359,0.048535861627151,file:///C:/Users/PC/Desktop/%C5%A0kola/Letny%20semester/ssbu/semestralka/cellprofiler/input_images/IXMtest_A03_s7_w1FA45B183-9A17-4D89-B118-3B5591BDBDD8.tif,696
-1,77.0,0.0,0.0,0.109375,0.0,0.125,0.09375,0.6875,0.046875,0.171875,IXMtest_A03_s8_w1556BDC5A-86AE-493D-9E6C-6DD73544443E.tif,0,26,50,1,520,26,b'eLtb0OIrsxlN3gOfvI3jiy2AKdXU1MzJBRiTuhZmjq66JpbGLrqWrmbOumYuLubGpiZAYOyqV5KZBk7hMB8DgxLkE1AWcEbJCyAGPD9AAhPIAMcEKHP4utoBAOlsnxQ=',70305b1bf9411f7bc7dadf596fd1b2a1,1,file:///C:/Users/PC/Desktop/%C5%A0kola/Letny%20semester/ssbu/semestralka/cellprofiler/input_images/IXMtest_A03_s8_w1556BDC5A-86AE-493D-9E6C-6DD73544443E.tif,0,IXMtest,0,8,A03,0,0,0,0,0,0,0,0,0,C:\Users\PC\Desktop\Škola\Letny semester\ssbu\semestralka\cellprofiler\input_images,Done,65535,0,0.004814344458281994,0.0048143445,-13.117394422560082,0.05491821410191664,file:///C:/Users/PC/Desktop/%C5%A0kola/Letny%20semester/ssbu/semestralka/cellprofiler/input_images/IXMtest_A03_s8_w1556BDC5A-86AE-493D-9E6C-6DD73544443E.tif,696
-1,34.0,0.0,0.0,0.109375,0.0,0.109375,0.125,0.765625,0.046875,0.15625,IXMtest_A03_s9_w15B197FE6-3D6E-445F-A00C-66DB25BE3961.tif,0,27,50,1,520,27,b'eLtb0OIrsxlN3gOfvI3jiy2BKdXUydDS3M3VTNfYxcxV18TE1E3X0cDAWdfMzMXJyNTJ1djSzFCvJDMNnMJhPgYGJcgnoCzgjJIXQAx4foAEJpABjglQ5vB1tQMA5AafBw==',6c045086ca8f51e9a7e8097685a37897,1,file:///C:/Users/PC/Desktop/%C5%A0kola/Letny%20semester/ssbu/semestralka/cellprofiler/input_images/IXMtest_A03_s9_w15B197FE6-3D6E-445F-A00C-66DB25BE3961.tif,0,IXMtest,0,9,A03,0,0,0,0,0,0,0,0,0,C:\Users\PC\Desktop\Škola\Letny semester\ssbu\semestralka\cellprofiler\input_images,Done,65535,0,0.004656881559640169,0.0046568816,-13.164282470990248,0.030848098640139918,file:///C:/Users/PC/Desktop/%C5%A0kola/Letny%20semester/ssbu/semestralka/cellprofiler/input_images/IXMtest_A03_s9_w15B197FE6-3D6E-445F-A00C-66DB25BE3961.tif,696
-1,58.0,0.0,0.0,0.109375,0.0,0.09375,0.09375,0.6875,0.046875,0.15625,IXMtest_A04_s1_w195151D27-9F95-44DE-A514-2ED183E548C9.tif,0,28,50,1,520,28,b'eLtb0OIrsxlN3gOfvE0g6dvS1NDU0MXIXNfSzdJU18TExVXX0dTQRNfI1cXQwtjV1MTC2VKvJDMNnMJhPgYGJcgnoCzgjJIXQAx4foAEJpABjglQ5vB1tQMA0mWe3w==',b692243ceb2d218248b199f142967a48,1,file:///C:/Users/PC/Desktop/%C5%A0kola/Letny%20semester/ssbu/semestralka/cellprofiler/input_images/IXMtest_A04_s1_w195151D27-9F95-44DE-A514-2ED183E548C9.tif,0,IXMtest,0,1,A04,0,0,0,0,0,0,0,0,0,C:\Users\PC\Desktop\Škola\Letny semester\ssbu\semestralka\cellprofiler\input_images,Done,65535,0,0.00476212240755558,0.0047621224,-13.112447748690471,0.05042829992863902,file:///C:/Users/PC/Desktop/%C5%A0kola/Letny%20semester/ssbu/semestralka/cellprofiler/input_images/IXMtest_A04_s1_w195151D27-9F95-44DE-A514-2ED183E548C9.tif,696
-1,109.0,0.0,0.0,0.125,0.0,0.109375,0.109375,0.75,0.0625,0.203125,IXMtest_A04_s2_w1F4C65F6F-669F-47F6-9B12-41D7934E620E.tif,0,29,50,1,520,29,b'eLtb0OIrsxlN3gOfvE3ii41A6dvE2czUzcxN18zM0k3XxNzNTBeYTI10TQxdzC2NTVzNjAxc9Uoy08ApHOZjYFCCfALKAs4oeQHEgOcHSGACGeCYAGUOX1c7AN91nvg=',c60dedcffc25fd35a58f7b5895ef5f7e,1,file:///C:/Users/PC/Desktop/%C5%A0kola/Letny%20semester/ssbu/semestralka/cellprofiler/input_images/IXMtest_A04_s2_w1F4C65F6F-669F-47F6-9B12-41D7934E620E.tif,0,IXMtest,0,2,A04,0,0,0,0,0,0,0,0,0,C:\Users\PC\Desktop\Škola\Letny semester\ssbu\semestralka\cellprofiler\input_images,Done,65535,0,0.004933936521410942,0.0049339365,-13.113450623829564,0.07404059179282231,file:///C:/Users/PC/Desktop/%C5%A0kola/Letny%20semester/ssbu/semestralka/cellprofiler/input_images/IXMtest_A04_s2_w1F4C65F6F-669F-47F6-9B12-41D7934E620E.tif,696
-1,108.0,0.0,0.0,0.125,0.0,0.09375,0.078125,0.765625,0.046875,0.1875,IXMtest_A04_s3_w11071C8A6-DAB4-47F5-92FC-F2B3F6FCFDE8.tif,0,30,50,1,520,30,b'eLtb0OIrsxlN3gOfvE3ii42BKdXQwNzQ2cLRTNfF0clE18TczVTX0sjNGZjonYzdzNyc3VxcLfRKMtPAKRzmY2BQgnwCygLOKHkBxIDnB0hgAhngmABlDl9XOwD1jJ9G',21de5b12eed37bf6a7934d8a84e465f7,1,file:///C:/Users/PC/Desktop/%C5%A0kola/Letny%20semester/ssbu/semestralka/cellprofiler/input_images/IXMtest_A04_s3_w11071C8A6-DAB4-47F5-92FC-F2B3F6FCFDE8.tif,0,IXMtest,0,3,A04,0,0,0,0,0,0,0,0,0,C:\Users\PC\Desktop\Škola\Letny semester\ssbu\semestralka\cellprofiler\input_images,Done,65535,0,0.005119401961565018,0.005119402,-13.108843975644263,0.08013641636597962,file:///C:/Users/PC/Desktop/%C5%A0kola/Letny%20semester/ssbu/semestralka/cellprofiler/input_images/IXMtest_A04_s3_w11071C8A6-DAB4-47F5-92FC-F2B3F6FCFDE8.tif,696
-1,100.0,0.0,0.0,0.09375,0.0,0.09375,0.09375,0.734375,0.046875,0.203125,IXMtest_A04_s4_w1C0B8E9E2-9839-4F34-AFB7-4978BC8AE017.tif,0,31,50,1,520,31,b'eLtb0OIrsxlN3gOfvE0gKdXZwMnC1RIYPZYWxpa6Jm7GJrqObk7muiaWwHTrbOHoamBorleSmQZO4TAfA4MS5BNQFnBGyQsgBjw/QAITyADHBChz+LraAQDolp8V',cde8611c47f2d5a35b1d9f068095f17d,1,file:///C:/Users/PC/Desktop/%C5%A0kola/Letny%20semester/ssbu/semestralka/cellprofiler/input_images/IXMtest_A04_s4_w1C0B8E9E2-9839-4F34-AFB7-4978BC8AE017.tif,0,IXMtest,0,4,A04,0,0,0,0,0,0,0,0,0,C:\Users\PC\Desktop\Škola\Letny semester\ssbu\semestralka\cellprofiler\input_images,Done,65535,0,0.0049414485692977905,0.0049414486,-13.175633871286376,0.07704311870702417,file:///C:/Users/PC/Desktop/%C5%A0kola/Letny%20semester/ssbu/semestralka/cellprofiler/input_images/IXMtest_A04_s4_w1C0B8E9E2-9839-4F34-AFB7-4978BC8AE017.tif,696
-1,69.0,0.0,0.0,0.125,0.0,0.09375,0.109375,0.703125,0.046875,0.1875,IXMtest_A04_s5_w122174D22-0529-4EDF-9A59-FD630161F8F3.tif,0,32,50,1,520,32,b'eLtb0OIrsxlN3gOfvE3ii02BKdXIyNDcxMXISNfA1MgSmBxd3HQtHYFJ0s3FzBgYlIZuFm7GeiWZaeAUDvMxMChBPgFlAWeUvABiwPMDJDCBDHBMgDKHr6sdAM2antQ=',5a9d9ec416ab9467cc82e72ede4f2267,1,file:///C:/Users/PC/Desktop/%C5%A0kola/Letny%20semester/ssbu/semestralka/cellprofiler/input_images/IXMtest_A04_s5_w122174D22-0529-4EDF-9A59-FD630161F8F3.tif,0,IXMtest,0,5,A04,0,0,0,0,0,0,0,0,0,C:\Users\PC\Desktop\Škola\Letny semester\ssbu\semestralka\cellprofiler\input_images,Done,65535,0,0.004785716067999601,0.004785716,-13.216847673780094,0.06349621166330602,file:///C:/Users/PC/Desktop/%C5%A0kola/Letny%20semester/ssbu/semestralka/cellprofiler/input_images/IXMtest_A04_s5_w122174D22-0529-4EDF-9A59-FD630161F8F3.tif,696
-1,61.0,0.0,0.0,0.109375,0.0,0.109375,0.125,0.71875,0.046875,0.15625,IXMtest_A04_s6_w1F97DAF03-251C-4576-AC65-D7FF1D024D9D.tif,0,33,50,1,520,33,b'eLtb0OIrsxlN3gOfvE3ii81A6dvS3MXRzcBY18jU0FnXxNTcTNfR2cxU18Xczc0QmHpNXCxd9Eoy08ApHOZjYFCCfALKAs4oeQHEgOcHSGACGeCYAGUOX1c7AOiQnxc=',bd296525e25a9fc89d99fcde2445b44d,1,file:///C:/Users/PC/Desktop/%C5%A0kola/Letny%20semester/ssbu/semestralka/cellprofiler/input_images/IXMtest_A04_s6_w1F97DAF03-251C-4576-AC65-D7FF1D024D9D.tif,0,IXMtest,0,6,A04,0,0,0,0,0,0,0,0,0,C:\Users\PC\Desktop\Škola\Letny semester\ssbu\semestralka\cellprofiler\input_images,Done,65535,0,0.0049445428885519505,0.004944543,-13.159181967516773,0.057212820581912294,file:///C:/Users/PC/Desktop/%C5%A0kola/Letny%20semester/ssbu/semestralka/cellprofiler/input_images/IXMtest_A04_s6_w1F97DAF03-251C-4576-AC65-D7FF1D024D9D.tif,696
-1,98.0,0.0,0.0,0.125,0.0,0.09375,0.125,0.703125,0.0625,0.1875,IXMtest_A04_s7_w180A80C99-60AD-4EF0-8F15-DA62CA157AFF.tif,0,34,50,1,520,34,b'eLtb0OIrsxlN3gOfvE3ii82BKdXCwNHCwNnSUtfMwNEFmBzdDHQt3AxNdV0czYycHQ1NzR3d3PRKMtPAKRzmY2BQgnwCygLOKHkBxIDnB0hgAhngmABlDl9XOwDp6Z8g',c6e06a82bf119abb504cf789fce0994b,1,file:///C:/Users/PC/Desktop/%C5%A0kola/Letny%20semester/ssbu/semestralka/cellprofiler/input_images/IXMtest_A04_s7_w180A80C99-60AD-4EF0-8F15-DA62CA157AFF.tif,0,IXMtest,0,7,A04,0,0,0,0,0,0,0,0,0,C:\Users\PC\Desktop\Škola\Letny semester\ssbu\semestralka\cellprofiler\input_images,Done,65535,0,0.004903250373899937,0.0049032504,-13.137467245131784,0.06646302260707974,file:///C:/Users/PC/Desktop/%C5%A0kola/Letny%20semester/ssbu/semestralka/cellprofiler/input_images/IXMtest_A04_s7_w180A80C99-60AD-4EF0-8F15-DA62CA157AFF.tif,696
-1,37.0,0.0,0.0,0.109375,0.0,0.109375,0.109375,0.6875,0.046875,0.15625,IXMtest_A04_s8_w1C56A3BD5-35E7-4CA5-A951-14119911F043.tif,0,35,50,1,520,35,b'eLtb0OIrsxlN3gOfvE3iiy2AKdXZ1MzR2MnFVNfY1NVc18TZ0VTX0dLUUNfQxNDQ0tLQ0M3AxFivJDMNnMJhPgYGJcgnoCzgjJIXQAx4foAEJpABjglQ5vB1tQMAz3meyA==',87a902de95039f1701f429682686258f,1,file:///C:/Users/PC/Desktop/%C5%A0kola/Letny%20semester/ssbu/semestralka/cellprofiler/input_images/IXMtest_A04_s8_w1C56A3BD5-35E7-4CA5-A951-14119911F043.tif,0,IXMtest,0,8,A04,0,0,0,0,0,0,0,0,0,C:\Users\PC\Desktop\Škola\Letny semester\ssbu\semestralka\cellprofiler\input_images,Done,65535,0,0.004541981499642134,0.0045419815,-13.236177905630381,0.03570163428997926,file:///C:/Users/PC/Desktop/%C5%A0kola/Letny%20semester/ssbu/semestralka/cellprofiler/input_images/IXMtest_A04_s8_w1C56A3BD5-35E7-4CA5-A951-14119911F043.tif,696
-1,63.0,0.0,0.0,0.109375,0.0,0.125,0.140625,0.703125,0.03125,0.171875,IXMtest_A04_s9_w1272F0BB7-F1D8-4F22-8219-1DECCC8B9E00.tif,0,36,50,1,520,36,b'eLtb0OIrsxlN3gOfvE3iiy2BKdXI3MjNwMkJmMoNXYAp1s3ISNfCyNBS19DF1dnZ2cLJ0tXAQK8kMw2cwmE+BgYlyCegLOCMkhdADHh+gAQmkAGOCVDm8HW1AwDlHp8P',1c8b2b5ae12de9962c0a098854203b52,1,file:///C:/Users/PC/Desktop/%C5%A0kola/Letny%20semester/ssbu/semestralka/cellprofiler/input_images/IXMtest_A04_s9_w1272F0BB7-F1D8-4F22-8219-1DECCC8B9E00.tif,0,IXMtest,0,9,A04,0,0,0,0,0,0,0,0,0,C:\Users\PC\Desktop\Škola\Letny semester\ssbu\semestralka\cellprofiler\input_images,Done,65535,0,0.004888039082288742,0.004888039,-13.158716601162025,0.0529434923530856,file:///C:/Users/PC/Desktop/%C5%A0kola/Letny%20semester/ssbu/semestralka/cellprofiler/input_images/IXMtest_A04_s9_w1272F0BB7-F1D8-4F22-8219-1DECCC8B9E00.tif,696
-1,71.0,0.0,0.0,0.125,0.0,0.109375,0.125,0.71875,0.046875,0.171875,IXMtest_A05_s1_w1B60A237D-AC88-48EE-B759-7B6B0795E975.tif,0,37,50,1,520,37,b'eLtb0OIrsxlN3gOfvE0h6dvJzMDRyNjcRdfR2cICFFGuuk7m4CRp5mRgbmnqCkyZeiWZaeAUDvMxMChBPgFlAWeUvABiwPMDJDCBDHBMgDKHr6sdAOLQnwY=',7982151f836c83a9347b7b9091deb7bc,1,file:///C:/Users/PC/Desktop/%C5%A0kola/Letny%20semester/ssbu/semestralka/cellprofiler/input_images/IXMtest_A05_s1_w1B60A237D-AC88-48EE-B759-7B6B0795E975.tif,0,IXMtest,0,1,A05,0,0,0,0,0,0,0,0,0,C:\Users\PC\Desktop\Škola\Letny semester\ssbu\semestralka\cellprofiler\input_images,Done,65535,0,0.004869098775088787,0.004869099,-13.167096513561129,0.059296781726988074,file:///C:/Users/PC/Desktop/%C5%A0kola/Letny%20semester/ssbu/semestralka/cellprofiler/input_images/IXMtest_A05_s1_w1B60A237D-AC88-48EE-B759-7B6B0795E975.tif,696
-1,43.0,0.0,0.0,0.125,0.0,0.109375,0.09375,0.6875,0.046875,0.140625,IXMtest_A05_s2_w122CA072D-10D8-4177-AA22-8440DA832D60.tif,0,38,50,1,520,38,b'eLtb0OIrsxlN3gOfvE3ji42AKdXIyNnRwNzIRdfQwAWYYg3NzXUdHY2MdC1MTAxcHC2MjVzMDPRKMtPAKRzmY2BQgnwCygLOKHkBxIDnB0hgAhngmABlDl9XOwDEOZ60',9294ef2fc390f17f5984b393916579b4,1,file:///C:/Users/PC/Desktop/%C5%A0kola/Letny%20semester/ssbu/semestralka/cellprofiler/input_images/IXMtest_A05_s2_w122CA072D-10D8-4177-AA22-8440DA832D60.tif,0,IXMtest,0,2,A05,0,0,0,0,0,0,0,0,0,C:\Users\PC\Desktop\Škola\Letny semester\ssbu\semestralka\cellprofiler\input_images,Done,65535,0,0.004578175954520702,0.004578176,-13.224929560943107,0.036977456508260544,file:///C:/Users/PC/Desktop/%C5%A0kola/Letny%20semester/ssbu/semestralka/cellprofiler/input_images/IXMtest_A05_s2_w122CA072D-10D8-4177-AA22-8440DA832D60.tif,696
-1,79.0,0.0,0.0,0.109375,0.0,0.09375,0.125,0.859375,0.0625,0.171875,IXMtest_A05_s3_w103CFE315-BAF0-47D3-BB5A-8FBA70E0D201.tif,0,39,50,1,520,39,b'eLtb0OIrsxlN3gOfvE3ji42BKdXA2NnN1djQFBg9bga6JuYuxrpOTqaOuhZuTo7mBq4GLsAA1SvJTAOncJiPgUEJ8gkoCzij5AUQA54fIIEJZIBjApQ5fF3tAOdvnxE=',6ee73220c17f2a346ee0232b9d488697,1,file:///C:/Users/PC/Desktop/%C5%A0kola/Letny%20semester/ssbu/semestralka/cellprofiler/input_images/IXMtest_A05_s3_w103CFE315-BAF0-47D3-BB5A-8FBA70E0D201.tif,0,IXMtest,0,3,A05,0,0,0,0,0,0,0,0,0,C:\Users\PC\Desktop\Škola\Letny semester\ssbu\semestralka\cellprofiler\input_images,Done,65535,0,0.00481556449085474,0.0048155645,-13.159016174637696,0.05710014237019305,file:///C:/Users/PC/Desktop/%C5%A0kola/Letny%20semester/ssbu/semestralka/cellprofiler/input_images/IXMtest_A05_s3_w103CFE315-BAF0-47D3-BB5A-8FBA70E0D201.tif,696
-1,19.0,0.0,0.0,0.125,0.0,0.09375,0.125,0.671875,0.046875,0.125,IXMtest_A05_s4_w1BA69DF2A-5F16-4172-91A6-276A2B289732.tif,0,40,50,1,520,40,b'eLtb0OIrsxlN3gOfvE0hKRUYK5YubkaOuqZuwIAzMTQ30rU0dDTTNTI3czRyMrKwNDc20ivJTAOncJiPgUEJ8gkoCzij5AUQA54fIIEJZIBjApQ5fF3tANKontI=',edb7696ccabc97f485214f062b14b1cf,1,file:///C:/Users/PC/Desktop/%C5%A0kola/Letny%20semester/ssbu/semestralka/cellprofiler/input_images/IXMtest_A05_s4_w1BA69DF2A-5F16-4172-91A6-276A2B289732.tif,0,IXMtest,0,4,A05,0,0,0,0,0,0,0,0,0,C:\Users\PC\Desktop\Škola\Letny semester\ssbu\semestralka\cellprofiler\input_images,Done,65535,0,0.00435374490916729,0.004353745,-13.195811918837428,0.021613331595917457,file:///C:/Users/PC/Desktop/%C5%A0kola/Letny%20semester/ssbu/semestralka/cellprofiler/input_images/IXMtest_A05_s4_w1BA69DF2A-5F16-4172-91A6-276A2B289732.tif,696
-1,44.0,0.0,0.0,0.125,0.0,0.109375,0.109375,0.640625,0.046875,0.15625,IXMtest_A05_s5_w1CB13B522-65FD-43A7-B575-3B0BCC2663F9.tif,0,41,50,1,520,41,b'eLtb0OIrsxlN3gOfvE3ji02BKdXZydDYydTISNfM1M1F18TY0VzXydTcVNfYycDJ2dnIzMzYzVKvJDMNnMJhPgYGJcgnoCzgjJIXQAx4foAEJpABjglQ5vB1tQMA3R2e+A==',94e02e50fb3b7ab1ff921318e09f9233,1,file:///C:/Users/PC/Desktop/%C5%A0kola/Letny%20semester/ssbu/semestralka/cellprofiler/input_images/IXMtest_A05_s5_w1CB13B522-65FD-43A7-B575-3B0BCC2663F9.tif,0,IXMtest,0,5,A05,0,0,0,0,0,0,0,0,0,C:\Users\PC\Desktop\Škola\Letny semester\ssbu\semestralka\cellprofiler\input_images,Done,65535,0,0.004371252376586199,0.0043712524,-13.166133215188495,0.030822520507026607,file:///C:/Users/PC/Desktop/%C5%A0kola/Letny%20semester/ssbu/semestralka/cellprofiler/input_images/IXMtest_A05_s5_w1CB13B522-65FD-43A7-B575-3B0BCC2663F9.tif,696
-1,55.0,0.0,0.0,0.125,0.0,0.09375,0.109375,0.6875,0.046875,0.1875,IXMtest_A05_s6_w15A700C00-5167-4B9E-8850-C382A21D025C.tif,0,42,50,1,520,42,b'eLtb0OIrsxlN3gOfvE3ji82AKdXU0dzAwNnAQNfUEBg9Jk6WrroWFqYGus7GFkaORobA9GvqrFeSmQZO4TAfA4MS5BNQFnBGyQsgBjw/QAITyADHBChz+LraAQDBwJ6v',8682fa16f3b2778babf03a8714bd5952,1,file:///C:/Users/PC/Desktop/%C5%A0kola/Letny%20semester/ssbu/semestralka/cellprofiler/input_images/IXMtest_A05_s6_w15A700C00-5167-4B9E-8850-C382A21D025C.tif,0,IXMtest,0,6,A05,0,0,0,0,0,0,0,0,0,C:\Users\PC\Desktop\Škola\Letny semester\ssbu\semestralka\cellprofiler\input_images,Done,65535,0,0.004677940160036087,0.00467794,-13.096616148875285,0.03996571355875438,file:///C:/Users/PC/Desktop/%C5%A0kola/Letny%20semester/ssbu/semestralka/cellprofiler/input_images/IXMtest_A05_s6_w15A700C00-5167-4B9E-8850-C382A21D025C.tif,696
-1,41.0,0.0,0.0,0.125,0.0,0.09375,0.109375,0.75,0.0625,0.125,IXMtest_A05_s7_w177E5EF3E-63EA-4AF6-AF7C-06E300531BF1.tif,0,43,50,1,520,43,b'eLtb0OIrsxlN3gOfvE3ji82BKdXc3NXU1c3YVdfM2NVR18TRzUzX0c3cGRiErsYGBqbGhk5uhnolmWngFA7zMTAoQT4BZQFnlLwAYsDzAyQwgQxwTIAyh6+rHQDuYZ8e',1b33385f2525a08395bcdcea8090763e,1,file:///C:/Users/PC/Desktop/%C5%A0kola/Letny%20semester/ssbu/semestralka/cellprofiler/input_images/IXMtest_A05_s7_w177E5EF3E-63EA-4AF6-AF7C-06E300531BF1.tif,0,IXMtest,0,7,A05,0,0,0,0,0,0,0,0,0,C:\Users\PC\Desktop\Škola\Letny semester\ssbu\semestralka\cellprofiler\input_images,Done,65535,0,0.004512684419751167,0.0045126844,-13.156396734953852,0.02983967024079198,file:///C:/Users/PC/Desktop/%C5%A0kola/Letny%20semester/ssbu/semestralka/cellprofiler/input_images/IXMtest_A05_s7_w177E5EF3E-63EA-4AF6-AF7C-06E300531BF1.tif,696
-1,82.0,0.0,0.0,0.109375,0.0,0.109375,0.09375,0.71875,0.046875,0.171875,IXMtest_A05_s8_w15E61DB6F-A4A0-478A-8E02-9A1544B1C824.tif,0,44,50,1,520,44,b'eLtb0OIrsxlN3gOfvE3jiy2AKdXU1czQxcnMTdfRxNFA18TcwlHXwtXASNfS0dDUxMTJ0NnCyESvJDMNnMJhPgYGJcgnoCzgjJIXQAx4foAEJpABjglQ5vB1tQMA20Ke6w==',8eeb514e959d38253f442f6431078541,1,file:///C:/Users/PC/Desktop/%C5%A0kola/Letny%20semester/ssbu/semestralka/cellprofiler/input_images/IXMtest_A05_s8_w15E61DB6F-A4A0-478A-8E02-9A1544B1C824.tif,0,IXMtest,0,8,A05,0,0,0,0,0,0,0,0,0,C:\Users\PC\Desktop\Škola\Letny semester\ssbu\semestralka\cellprofiler\input_images,Done,65535,0,0.004821358248591423,0.0048213582,-13.211528701110927,0.061360845268847275,file:///C:/Users/PC/Desktop/%C5%A0kola/Letny%20semester/ssbu/semestralka/cellprofiler/input_images/IXMtest_A05_s8_w15E61DB6F-A4A0-478A-8E02-9A1544B1C824.tif,696
-1,35.0,0.0,0.0,0.109375,0.0,0.109375,0.125,0.6875,0.046875,0.15625,IXMtest_A05_s9_w19628FE4D-0E4F-4167-A068-5A04FDB8D8E9.tif,0,45,50,1,520,45,b'eLtb0OIrsxlN3gOfvE3jiy2BKdXSzMjCzdXERdfA1cRN18QQGEeOBmYWuqaOBiZuLk4WLhaulnolmWngFA7zMTAoQT4BZQFnlLwAYsDzAyQwgQxwTIAyh6+rHQDoK58Y',2d3254e59a7c79b5a6ae628eded9addf,1,file:///C:/Users/PC/Desktop/%C5%A0kola/Letny%20semester/ssbu/semestralka/cellprofiler/input_images/IXMtest_A05_s9_w19628FE4D-0E4F-4167-A068-5A04FDB8D8E9.tif,0,IXMtest,0,9,A05,0,0,0,0,0,0,0,0,0,C:\Users\PC\Desktop\Škola\Letny semester\ssbu\semestralka\cellprofiler\input_images,Done,65535,0,0.004668876528739929,0.0046688765,-13.142669760264866,0.029519189723446606,file:///C:/Users/PC/Desktop/%C5%A0kola/Letny%20semester/ssbu/semestralka/cellprofiler/input_images/IXMtest_A05_s9_w19628FE4D-0E4F-4167-A068-5A04FDB8D8E9.tif,696
-1,71.0,0.0,0.0,0.125,0.0,0.09375,0.140625,0.71875,0.046875,0.171875,IXMtest_A06_s1_w13139E5A6-DC5B-43A9-A647-A3BA99C99275.tif,0,46,50,1,520,46,b'eLtb0OIrsxlN3gOfvM0g6dvY0NjS1dTRTNfF2dRJ18TY0VLX0czEXNfR2MnR0tLZ0tLI3FSvJDMNnMJhPgYGJcgnoCzgjJIXQAx4foAEJpABjglQ5vB1tQMA3i6e+w==',9bee7f395e98d87dc96cc09929dfe523,1,file:///C:/Users/PC/Desktop/%C5%A0kola/Letny%20semester/ssbu/semestralka/cellprofiler/input_images/IXMtest_A06_s1_w13139E5A6-DC5B-43A9-A647-A3BA99C99275.tif,0,IXMtest,0,1,A06,0,0,0,0,0,0,0,0,0,C:\Users\PC\Desktop\Škola\Letny semester\ssbu\semestralka\cellprofiler\input_images,Done,65535,0,0.004811679013073444,0.004811679,-13.226173165948381,0.06345355000033885,file:///C:/Users/PC/Desktop/%C5%A0kola/Letny%20semester/ssbu/semestralka/cellprofiler/input_images/IXMtest_A06_s1_w13139E5A6-DC5B-43A9-A647-A3BA99C99275.tif,696
-1,80.0,0.0,0.0,0.140625,0.0,0.09375,0.125,0.71875,0.046875,0.1875,IXMtest_A06_s2_w1117A2E44-ED34-4F84-84CC-3AC8366D6B1E.tif,0,47,50,1,520,47,b'eLtb0OIrsxlN3gOfvM3ii42AKdXQ0NzRyNXERNfVxdhE18TNwkTXwsTZWdfY0dnC2MzMxczJ0FWvJDMNnMJhPgYGJcgnoCzgjJIXQAx4foAEJpABjglQ5vB1tQMA3hSe/w==',c78eb2981bf0b552fd4cf377c0134734,1,file:///C:/Users/PC/Desktop/%C5%A0kola/Letny%20semester/ssbu/semestralka/cellprofiler/input_images/IXMtest_A06_s2_w1117A2E44-ED34-4F84-84CC-3AC8366D6B1E.tif,0,IXMtest,0,2,A06,0,0,0,0,0,0,0,0,0,C:\Users\PC\Desktop\Škola\Letny semester\ssbu\semestralka\cellprofiler\input_images,Done,65535,0,0.004769442602992058,0.0047694426,-13.151339112601294,0.062487472103172494,file:///C:/Users/PC/Desktop/%C5%A0kola/Letny%20semester/ssbu/semestralka/cellprofiler/input_images/IXMtest_A06_s2_w1117A2E44-ED34-4F84-84CC-3AC8366D6B1E.tif,696
-1,103.0,0.0,0.0,0.125,0.0,0.09375,0.125,0.84375,0.0625,0.1875,IXMtest_A06_s3_w1DD6E6943-58B4-4D8E-ACAD-40E4B86CA5AE.tif,0,48,50,1,520,48,b'eLtb0OIrsxlN3gOfvM3ii42BKdXFxczVzNLEGBgzTia6Ji4WrrqOzo4uuiYGriZOFmbOjqaOrnolmWngFA7zMTAoQT4BZQFnlLwAYsDzAyQwgQxwTIAyh6+rHQD4op9F',debed33b9debab7aa6da2617b610ff58,1,file:///C:/Users/PC/Desktop/%C5%A0kola/Letny%20semester/ssbu/semestralka/cellprofiler/input_images/IXMtest_A06_s3_w1DD6E6943-58B4-4D8E-ACAD-40E4B86CA5AE.tif,0,IXMtest,0,3,A06,0,0,0,0,0,0,0,0,0,C:\Users\PC\Desktop\Škola\Letny semester\ssbu\semestralka\cellprofiler\input_images,Done,65535,0,0.004999606870114803,0.004999607,-13.102750104266605,0.07664603334135162,file:///C:/Users/PC/Desktop/%C5%A0kola/Letny%20semester/ssbu/semestralka/cellprofiler/input_images/IXMtest_A06_s3_w1DD6E6943-58B4-4D8E-ACAD-40E4B86CA5AE.tif,696
-1,45.0,0.0,0.0,0.125,0.0,0.09375,0.125,0.734375,0.046875,0.15625,IXMtest_A06_s4_w1C678B5C1-F8CA-48E2-BA67-58C53F6768EF.tif,0,49,50,1,520,49,b'eLtb0OIrsxlN3gOfvM0gKdXZDJg+TZ0Ndd0snB1RI8rU2M3M3MzC1U2vJDMNnMJhPgYGJcgnoCzgjJIXQAx4foAEJpABjglQ5vB1tQMA8I+fLA==',695069fb9b1dcafa5a171d8dce62d7f8,1,file:///C:/Users/PC/Desktop/%C5%A0kola/Letny%20semester/ssbu/semestralka/cellprofiler/input_images/IXMtest_A06_s4_w1C678B5C1-F8CA-48E2-BA67-58C53F6768EF.tif,0,IXMtest,0,4,A06,0,0,0,0,0,0,0,0,0,C:\Users\PC\Desktop\Škola\Letny semester\ssbu\semestralka\cellprofiler\input_images,Done,65535,0,0.004540081135928631,0.004540081,-13.16129827234044,0.037849417039525476,file:///C:/Users/PC/Desktop/%C5%A0kola/Letny%20semester/ssbu/semestralka/cellprofiler/input_images/IXMtest_A06_s4_w1C678B5C1-F8CA-48E2-BA67-58C53F6768EF.tif,696
-1,20.0,0.0,0.0,0.15625,0.0,0.171875,0.140625,0.703125,0.0625,0.140625,IXMtest_A06_s5_w16C7D4BA9-3BB6-445F-BA89-BB9DFB2D5C8D.tif,0,50,50,1,520,50,b'eLtb0OIrsxlN3gOfvM3ii02BKdXM2dzFxMnRUtfYyclM18TE1A0YURaWuk5Oli5uTkYups4WLnolmWngFA7zMTAoQT4BZQFnlLwAYsDzAyQwgQxwTIAyh6+rHQAA259c',a85a41edce86f18e0e34f6997d8a74c8,1,file:///C:/Users/PC/Desktop/%C5%A0kola/Letny%20semester/ssbu/semestralka/cellprofiler/input_images/IXMtest_A06_s5_w16C7D4BA9-3BB6-445F-BA89-BB9DFB2D5C8D.tif,0,IXMtest,0,5,A06,0,0,0,0,0,0,0,0,0,C:\Users\PC\Desktop\Škola\Letny semester\ssbu\semestralka\cellprofiler\input_images,Done,65535,0,0.004421957302838564,0.0044219573,-13.170176665697294,0.023035646181437393,file:///C:/Users/PC/Desktop/%C5%A0kola/Letny%20semester/ssbu/semestralka/cellprofiler/input_images/IXMtest_A06_s5_w16C7D4BA9-3BB6-445F-BA89-BB9DFB2D5C8D.tif,696
